,molecule_chembl_id,canonical_smiles,bioactivity,MW,LogP,NumHDonors,NumHAcceptors,pIC50
0,CHEMBL122071,CC(=O)O[C@@H]1CC(=O)N1C(=O)NC(C)C,inactive,214.221,0.2259,1.0,4.0,4.0
1,CHEMBL124107,CCCCNC(=O)N1C(=O)C[C@H]1OC(C)=O,inactive,228.24799999999996,0.6175999999999997,1.0,4.0,4.167491087293763
2,CHEMBL120853,C[C@@H]1C(=O)N(C(=O)NCc2ccccc2)[C@@H]1Oc1ccc(C(=O)O)cc1,inactive,354.3620000000001,2.4778000000000002,2.0,4.0,4.0
4,CHEMBL333734,CC(=O)O[C@@H]1[C@H](C)C(=O)N1C(=O)NCc1ccccc1,inactive,276.292,1.2636999999999998,1.0,4.0,4.568636235841013
5,CHEMBL74483,CC[C@@H]1C(=O)N(C(=O)NCc2ccccc2)[C@@H]1Oc1ccc(C(=O)O)cc1,inactive,368.3890000000001,2.8679000000000006,2.0,4.0,4.0
6,CHEMBL333117,CC(C)NC(=O)N1C(=O)C[C@H]1Oc1ccc(C(=O)O)cc1,inactive,292.291,1.4399999999999997,2.0,4.0,4.0
7,CHEMBL334176,O=C(O)c1ccc(O[C@@H]2CC(=O)N2C(=O)Nc2ccccc2)cc1,inactive,326.308,2.554100000000001,2.0,4.0,4.0
8,CHEMBL122983,C[C@H]1C(=O)N(C(=O)NCc2ccccc2)[C@@H]1Oc1ccc(C(=O)C(C)(C)C)cc1,inactive,394.4710000000002,4.0084000000000035,1.0,4.0,4.769551078621726
9,CHEMBL122731,CCC1(CC)C(=O)N(C(=O)NC)[C@@H]1OC(C)=O,inactive,242.27499999999998,0.8635999999999997,1.0,4.0,4.0
10,CHEMBL123589,CC(=O)O[C@@H]1[C@@H](C)C(=O)N1C(=O)Nc1ccccc1,inactive,262.265,1.586,1.0,4.0,4.0655015487564325
11,CHEMBL331459,C[C@@H]1C(=O)N(C(=O)NCc2ccccc2)[C@@H]1Oc1ccc(C(=O)C(C)(C)C)cc1,inactive,394.4710000000002,4.0084000000000035,1.0,4.0,4.0
12,CHEMBL123457,CC(=O)O[C@H]1N(C(=O)NCc2ccccc2)C(=O)C1(C)C,inactive,290.3190000000001,1.6538,1.0,4.0,4.0
13,CHEMBL123455,CC(=O)O[C@@H]1[C@H](C)C(=O)N1C(=O)Nc1ccccc1,inactive,262.265,1.586,1.0,4.0,4.0
14,CHEMBL332366,O=C(O)c1ccc(O[C@@H]2CC(=O)N2C(=O)NCc2ccccc2)cc1,inactive,340.335,2.2318,2.0,4.0,4.0
15,CHEMBL331210,CC(=O)O[C@@H]1CC(=O)N1C(=O)NCc1ccccc1,inactive,262.265,1.0176999999999998,1.0,4.0,4.376750709602099
16,CHEMBL122575,C[C@H]1C(=O)N(C(=O)NCc2ccccc2)[C@@H]1Oc1ccc(C(=O)O)cc1,inactive,354.3620000000001,2.4778000000000002,2.0,4.0,4.698970004336019
17,CHEMBL305708,CC[C@H]1C(=O)N(C(=O)NCc2ccccc2)[C@@H]1Oc1ccc(C(=O)O)cc1,inactive,368.3890000000001,2.8679000000000006,2.0,4.0,4.301029995663981
18,CHEMBL122963,CCNC(=O)N1C(=O)C[C@H]1OC(C)=O,inactive,200.19399999999996,-0.16260000000000008,1.0,4.0,4.0
22,CHEMBL48421,CNC(=O)N1C(=O)[C@@H](C)[C@@H]2[C@@H]1CCN2C(=O)[C@@H]1CCCN1S(=O)(=O)c1cccc2c(N(C)C)cccc12,inactive,527.6470000000003,1.8461000000000003,1.0,6.0,4.657577319177793
23,CHEMBL47226,CC(=O)N1C(=O)C(C)(C)[C@@H]2[C@@H]1CCN2C(=O)OCc1ccccc1,inactive,330.384,2.181,0.0,4.0,3.3010299956639813
24,CHEMBL48562,COP(=O)(OC)N1C(=O)[C@@H](C)[C@@H]2[C@@H]1CCN2C(=O)OCc1ccccc1,inactive,382.3530000000001,2.6453000000000007,0.0,6.0,3.3010299956639813
25,CHEMBL46944,C[C@@H]1C(=O)N(C(=O)NCc2ccccc2)[C@H]2CCN(C(=O)OCc3ccccc3)[C@H]12,inactive,407.47000000000014,3.154200000000002,1.0,4.0,3.6020599913279625
26,CHEMBL296301,C[C@@H]1C(=O)N(C(=O)C2C(C)(C)C2(C)C)[C@H]2CCN(C(=O)OCc3ccccc3)[C@H]12,inactive,398.5030000000001,3.4532000000000025,0.0,4.0,3.3010299956639813
27,CHEMBL49731,C[C@@H]1C(=O)N(c2nccs2)[C@H]2CCN(C(=O)OCc3ccccc3)[C@H]12,inactive,357.43500000000006,2.9055000000000017,0.0,5.0,3.3010299956639813
28,CHEMBL47429,C[C@@H]1C(=O)N(C(=O)C2C(C)(C)C2(C)C)[C@H]2CCN(C(=O)[C@@H]3CCCN3S(=O)(=O)c3cccc4c(N(C)C)cccc34)[C@H]12,inactive,594.7780000000002,3.7155000000000022,0.0,6.0,4.0
29,CHEMBL50373,C[C@@H]1C(=O)N(c2ccc([N+](=O)[O-])cc2[N+](=O)[O-])[C@H]2CCN(C(=O)OCc3ccccc3)[C@H]12,inactive,440.4120000000002,3.2654000000000023,0.0,7.0,3.3010299956639813
30,CHEMBL297341,C[C@@H]1[C@H](C(=O)N2C(=O)[C@@H](C)[C@@H]3[C@@H]2CCN3C(=O)OCc2ccccc2)[C@@H]1C,inactive,370.44900000000007,2.673000000000001,0.0,4.0,4.142667503568732
31,CHEMBL298789,C[C@@H]1C(=O)N(C(=O)C(C)(C)C)[C@H]2CCN(C(=O)OCc3ccccc3)[C@H]12,inactive,358.43800000000005,2.817100000000001,0.0,4.0,3.3010299956639813
32,CHEMBL300091,CNC(=O)N1C(=O)[C@@H](C)[C@@H]2[C@@H]1CCN2C(=O)OCc1ccccc1,inactive,331.37199999999996,1.5837999999999994,1.0,4.0,3.3010299956639813
33,CHEMBL45899,CC(=O)N1C(=O)[C@@H](C)[C@@H]2[C@@H]1CCN2C(=O)OCc1ccccc1,inactive,316.35699999999997,1.7908999999999997,0.0,4.0,4.3979400086720375
34,CHEMBL298170,COC(=O)N1C(=O)[C@@H](C)[C@@H]2[C@@H]1CCN2C(=O)OCc1ccccc1,inactive,332.356,2.0107999999999997,0.0,5.0,3.8297382846050425
35,CHEMBL301787,CC1CC1C(=O)N1C(=O)[C@@H](C)[C@@H]2[C@@H]1CCN2C(=O)OCc1ccccc1,inactive,356.4220000000001,2.4270000000000005,0.0,4.0,4.795880017344075
37,CHEMBL431158,C[C@@H]1C(=O)N(S(C)(=O)=O)[C@H]2CCN(C(=O)OCc3ccccc3)[C@H]12,inactive,352.41200000000003,1.2040000000000002,0.0,5.0,3.3010299956639813
38,CHEMBL49788,C[C@@H]1C(=O)N(c2ccc([N+](=O)[O-])cc2)[C@H]2CCN(C(=O)OCc3ccccc3)[C@H]12,inactive,395.41500000000013,3.3572000000000024,0.0,5.0,3.3010299956639813
40,CHEMBL299435,C[C@@H]1C(=O)N(C(=O)C2CC2)[C@H]2CCN(C(=O)[C@@H]3CCCN3S(=O)(=O)c3cccc4c(N(C)C)cccc34)[C@H]12,active,538.6700000000002,2.4433000000000007,0.0,6.0,6.468521082957745
41,CHEMBL48639,C[C@@H]1C(=O)N(c2ccc([N+](=O)[O-])cc2)[C@H]2CCN(C(=O)[C@@H]3CCCN3S(=O)(=O)c3cccc4c(N(C)C)cccc34)[C@H]12,inactive,591.6900000000003,3.619500000000003,0.0,7.0,4.3872161432802645
42,CHEMBL58311,O=c1cc(-c2ccccc2)sc2ccccc12,inactive,238.311,3.9285000000000023,0.0,2.0,4.468521082957745
43,CHEMBL421075,CS(=O)(=O)c1ccc(-c2cc(=O)c3ccccc3s2)cc1,inactive,316.403,3.3320000000000016,0.0,4.0,4.468521082957745
44,CHEMBL123060,O=c1cc(-c2cccnc2)sc2ccccc12,inactive,239.299,3.323500000000001,0.0,3.0,4.468521082957745
45,CHEMBL122115,CS(=O)(=O)c1ccc(C2=CC(=O)c3ccccc3S2(=O)=O)cc1,active,348.40100000000007,2.1012000000000004,0.0,5.0,7.0
46,CHEMBL123391,O=c1cc(-c2ccccc2)[s+]([O-])c2ccccc12,inactive,254.31,3.5946000000000016,0.0,2.0,5.0
47,CHEMBL333186,O=C1C=C(c2cccs2)S(=O)(=O)c2ccccc21,active,276.338,2.7592000000000008,0.0,4.0,6.337242168318426
48,CHEMBL121931,O=C1C=C(c2ccc([N+](=O)[O-])cc2)S(=O)(=O)c2ccccc21,active,315.30600000000004,2.605900000000001,0.0,5.0,7.221848749616356
49,CHEMBL332411,Cc1cccc2c1S(=O)(=O)C(c1ccc([N+](=O)[O-])cc1)=CC2=O,active,329.3330000000001,2.914320000000001,0.0,5.0,6.958607314841775
50,CHEMBL120448,CCOC(=O)c1ccc2c(c1)C(=O)C=C(c1ccc([N+](=O)[O-])cc1)S2(=O)=O,active,387.3690000000001,2.7826000000000013,0.0,7.0,6.7447274948966935
51,CHEMBL124175,O=C1C=C(c2ccncc2)S(=O)(=O)c2ccccc21,active,271.297,2.0927000000000002,0.0,4.0,7.0
52,CHEMBL263745,O=C1C=C(c2ccc(-c3ccccc3)cc2)S(=O)(=O)c2ccccc21,active,346.4070000000001,4.364700000000004,0.0,3.0,7.221848749616356
54,CHEMBL123109,CC(C)c1cccc2c1S(=O)(=O)C(c1ccc([N+](=O)[O-])cc1)=CC2=O,active,357.38700000000006,3.729300000000003,0.0,5.0,6.7447274948966935
56,CHEMBL124172,O=C1C=C(c2ccsc2)S(=O)(=O)c2ccccc21,inactive,276.338,2.7592000000000008,0.0,4.0,4.468521082957745
57,CHEMBL123989,Cc1cccc2c1C(=O)C=C(c1ccc([N+](=O)[O-])cc1)S2(=O)=O,active,329.333,2.914320000000002,0.0,5.0,7.0
58,CHEMBL331182,O=C1C=C(c2cccnc2)S(=O)(=O)c2ccccc21,active,271.297,2.0927000000000002,0.0,4.0,6.698970004336019
59,CHEMBL333256,O=C1C=C(c2ccc[n+]([O-])c2)S(=O)(=O)c2ccccc21,active,287.296,1.3311000000000002,0.0,4.0,6.221848749616356
60,CHEMBL333761,O=C1C=C(c2cc[n+]([O-])cc2)S(=O)(=O)c2ccccc21,active,287.29600000000005,1.3311000000000002,0.0,4.0,6.221848749616356
61,CHEMBL123991,CC(C)(C)C1=CC(=O)c2ccccc2S1(=O)=O,inactive,250.319,2.5866000000000007,0.0,3.0,4.468521082957745
62,CHEMBL51623,C[C@@H]1C(=O)N(C(=O)C2CCC2)[C@H]2CCN(C(=O)OCc3ccccc3)C12,inactive,356.422,2.5711000000000004,0.0,4.0,4.494850021680094
63,CHEMBL298633,CC(C)C(=O)N1C(=O)[C@@H](C)C2[C@@H]1CCN2C(=O)OCc1ccccc1,inactive,344.41100000000006,2.4270000000000005,0.0,4.0,3.899629454882437
64,CHEMBL50036,C[C@@H]1C(=O)N(C(=O)C(C)(C)C)[C@H]2CCN(C(=O)OCc3ccccc3)C12,inactive,358.43800000000005,2.817100000000001,0.0,4.0,3.3010299956639813
65,CHEMBL298136,CC(=O)N1C(=O)[C@@H](C)[C@@H]2[C@@H]1CCN2C(=O)[C@@H]1CCCN1C(=O)c1ccccc1,inactive,383.4480000000001,1.2855,0.0,4.0,4.301029995663981
66,CHEMBL51822,C[C@@H]1C(=O)N(C(=O)CCO)[C@H]2CCN(C(=O)OCc3ccccc3)C12,inactive,346.38300000000004,1.1533999999999995,1.0,5.0,3.876148359032914
68,CHEMBL50828,CC(=O)N1C(=O)[C@H](C)[C@H]2[C@H]1CCN2C(=O)[C@@H]1CCCN1S(=O)(=O)c1cccc2c(N(C)C)cccc12,inactive,512.6320000000002,2.053200000000001,0.0,6.0,3.3010299956639813
69,CHEMBL296157,CC1CC1C(=O)N1C(=O)[C@@H](C)C2[C@@H]1CCN2C(=O)OCc1ccccc1,inactive,356.4220000000001,2.4270000000000005,0.0,4.0,5.0
70,CHEMBL50073,CC(=O)N1C(=O)[C@@H](C)C2[C@@H]1CCN2C(=O)OCc1ccccc1,inactive,316.35699999999997,1.7908999999999997,0.0,4.0,4.102372908709558
73,CHEMBL51153,CC(=O)N1C(=O)[C@@H](C)C2[C@@H]1CCN2C(=O)COc1ccccc1,inactive,316.35699999999997,1.0596999999999999,0.0,4.0,4.200659450546418
74,CHEMBL423120,CC(=O)N1C(=O)[C@H](C)C2[C@H]1CCN2C(=O)OCc1ccccc1,inactive,316.35699999999997,1.7908999999999997,0.0,4.0,3.0
75,CHEMBL300717,CC(=O)N1C(=O)C(C)C2C1CCN2C(=O)OCc1ccccc1,inactive,316.35699999999997,1.7908999999999997,0.0,4.0,3.958607314841775
76,CHEMBL301715,CC(C)Oc1cccc(S(=O)(=O)N2CCC[C@H]2C(=O)N2CC[C@H]3[C@H]2[C@H](C)C(=O)N3C(=O)C2CC2)c1,inactive,503.6210000000003,2.0112999999999994,0.0,6.0,4.187086643357144
77,CHEMBL301610,CC(=O)N1C(=O)[C@@H](C)[C@@H]2[C@@H]1CCN2C(=O)[C@@H]1CCCN1S(=O)(=O)c1cccc2c(N(C)C)cccc12,active,512.6320000000002,2.053200000000001,0.0,6.0,6.267606240177032
78,CHEMBL301090,CC(=O)N1C(=O)[C@H](C)[C@H]2[C@H]1CCN2C(=O)[C@@H]1CCCN1S(=O)(=O)c1ccc(C)cc1,inactive,433.53000000000014,1.14242,0.0,5.0,3.7986028756795487
79,CHEMBL300679,C[C@@H]1C(=O)N(CC(O)COc2ccccc2)[C@H]2CCN(C(=O)OCc3ccccc3)C12,inactive,424.4970000000002,2.6843000000000012,1.0,5.0,3.3010299956639813
80,CHEMBL51210,C[C@@H]1C(=O)N(C(=O)C2C(C)(C)C2(C)C)[C@H]2CCN(C(=O)OCc3ccccc3)C12,inactive,398.5030000000001,3.4532000000000025,0.0,4.0,3.3010299956639813
81,CHEMBL417540,Cc1ccc(S(=O)(=O)N2CCCC2C(=O)N2CC[C@H]3C2[C@H](C)C(=O)N3C=O)cc1,inactive,419.5030000000001,0.7523200000000003,0.0,5.0,4.853871964321762
82,CHEMBL50970,C[C@H]1C(=O)N(C(=O)C2CC2)[C@@H]2CCN(C(=O)C3CCCCN3S(=O)(=O)c3cccc4c(N(C)C)cccc34)[C@@H]12,inactive,552.6970000000002,2.833400000000001,0.0,6.0,4.886056647693163
85,CHEMBL50738,COc1ccc(C(=O)N2C(=O)[C@@H](C)C3[C@@H]2CCN3C(=O)OCc2ccccc2)cc1,inactive,408.4540000000001,3.0934000000000017,0.0,5.0,3.3010299956639813
86,CHEMBL50745,CC(=O)OCC(=O)N1C(=O)C(C)C2C1CCN2C(=O)OCc1ccccc1,inactive,374.39300000000014,1.3340999999999998,0.0,6.0,4.886056647693163
87,CHEMBL298960,CC(=O)N1C(=O)[C@@H](C)C2[C@@H]1CCN2CC(=O)Cc1ccccc1,inactive,314.38499999999993,1.2658999999999998,0.0,4.0,4.102372908709558
88,CHEMBL50778,CC(=O)N1C(=O)[C@H](C)[C@H]2[C@H]1CCN2C(=O)[C@@H]1CCCN1C(=O)c1ccccc1,inactive,383.4480000000001,1.2855,0.0,4.0,3.3010299956639813
89,CHEMBL50088,CC(=O)N1C(=O)[C@H](C)[C@H]2[C@H]1CCN2C(=O)[C@@H]1CCCN1S(=O)(=O)c1ccc([N+](=O)[O-])cc1,inactive,464.50000000000017,0.7422000000000006,0.0,7.0,4.958607314841775
90,CHEMBL51006,C[C@@H]1C(=O)N(C=O)[C@H]2CCN(C(=O)OCc3ccccc3)C12,inactive,302.33,1.4007999999999998,0.0,4.0,3.400116927926312
91,CHEMBL2115461,C[C@@H]1C(=O)N(C(=O)C2[C@@H](C)[C@@H]2C)[C@H]2CCN(C(=O)OCc3ccccc3)C12,inactive,370.44900000000007,2.673000000000001,0.0,4.0,4.0
93,CHEMBL2115030,C[C@@H]1C(=O)N(C(=O)C2[C@@H](C)[C@H]2C)[C@H]2CCN(C(=O)OCc3ccccc3)C12,inactive,370.44900000000007,2.673000000000001,0.0,4.0,4.142667503568732
94,CHEMBL50095,CC(=O)N1C(=O)[C@@H](C)C2[C@@H]1CCN2S(=O)(=O)CCc1ccccc1,inactive,350.4400000000001,1.0266000000000004,0.0,4.0,4.346787486224656
95,CHEMBL295494,C[C@@H]1C(=O)N(C(=O)C2Cc3ccccc32)[C@H]2CCN(C(=O)OCc3ccccc3)C12,inactive,404.4660000000001,3.1109000000000018,0.0,4.0,4.939302159646388
96,CHEMBL299204,C[C@H]1C(=O)N(C(=O)C2CC2)[C@@H]2CCN(C(=O)CN(C)S(=O)(=O)c3cccc4c(N(C)C)cccc34)[C@@H]12,inactive,512.6320000000002,1.9107000000000007,0.0,6.0,4.0
98,CHEMBL288793,C[C@@H](NC(=O)N1C(=O)CC1SCc1ccc(CC(=O)OC(C)(C)C)cc1)c1ccccc1,inactive,454.5920000000002,4.833200000000005,1.0,5.0,4.1249387366083
106,CHEMBL433040,C[C@@H](NC(=O)N1C(=O)CC1SCC(=O)c1ccccc1)c1ccccc1,active,368.458,3.631700000000003,1.0,4.0,6.0
109,CHEMBL32936,CC(C)C[C@@H](COC1CC(=O)N1)NC(=O)[C@@H](NC(=O)OC(C)(C)C)C(C)(C)C,inactive,399.53200000000027,2.3193,3.0,5.0,3.5228787452803374
110,CHEMBL35762,CC(C)C[C@@H](CSC1CC(=O)N1C(=O)NCc1ccccc1)NC(=O)[C@@H](NC(=O)OC(C)(C)C)C(C)(C)C,active,548.7500000000001,4.658100000000003,3.0,6.0,6.3979400086720375
111,CHEMBL35353,CC[C@H](NC(=O)N1C(=O)CC1SC[C@H](CC(C)C)NC(=O)[C@@H](NC(=O)CC(C)(C)C)C(C)(C)C)c1ccccc1,active,574.8320000000003,5.636900000000004,3.0,5.0,7.154901959985743
113,CHEMBL32166,CC(C)C[C@@H](COC1CC(=O)N1C(=O)N[C@@H](C)c1ccccc1)NC(=O)[C@@H](NC(=O)OC(C)(C)C)C(C)(C)C,active,546.7090000000002,4.502500000000003,3.0,6.0,6.522878745280337
115,CHEMBL335147,Cc1csc2nc([C@H](C)NC(=O)/C=C/C(=O)c3cccs3)oc(=O)c12,active,374.4430000000001,3.2357200000000024,1.0,7.0,7.5376020021010435
116,CHEMBL433457,COc1ccc2nc(/C=C/c3cccc4cc(NS(=O)(=O)C(F)(F)F)ccc34)ccc2c1,active,458.4610000000001,5.828500000000004,1.0,4.0,8.468521082957745
117,CHEMBL57560,O=C(O)c1ccc(CNc2ccc3c(COc4ccccc4)cccc3c2)cc1,active,383.44700000000006,5.729100000000003,2.0,3.0,8.318758762624412
118,CHEMBL265046,Cc1csc2nc([C@H](C)NC(=O)/C=C/C(=O)c3cccc([N+](=O)[O-])c3)oc(=O)c12,active,413.4110000000002,3.0824200000000017,1.0,8.0,7.508638306165727
119,CHEMBL57561,O=C(O)c1ccc2c(/C=C/c3ccc4ccccc4n3)cccc2c1,active,325.367,5.256600000000003,1.0,2.0,7.301029995663981
120,CHEMBL52599,O=C(O)c1ccc(C(=O)Nc2ccc3c(COc4cccc(C(F)(F)F)c4)cccc3c2)cc1,active,465.427,6.388100000000004,2.0,3.0,7.818156412055227
122,CHEMBL440297,O=S(=O)(Nc1ccc2c(/C=C/c3ccc4ccccc4n3)cccc2c1)C(F)(F)F,active,428.43500000000006,5.819900000000003,1.0,3.0,8.022276394711152
123,CHEMBL299063,O=S(=O)(Nc1ccc2c(/C=C/c3cccc(C(F)(F)F)c3)cccc2c1)C(F)(F)F,active,445.384,6.290500000000003,1.0,2.0,8.187086643357144
124,CHEMBL56642,O=S(=O)(Nc1ccc2c(/C=C/c3cc(Cl)c4ccccc4n3)cccc2c1)C(F)(F)F,active,462.88000000000005,6.4733000000000045,1.0,3.0,7.978810700930062
125,CHEMBL293782,Cc1ccc(S(=O)(=O)NC(=O)Nc2ccc3c(/C=C/c4ccc5ccc(Cl)cc5n4)cccc3c2)cc1,active,528.0330000000002,7.030620000000005,2.0,4.0,8.080921907623926
126,CHEMBL57617,O=S(=O)(Nc1ccc2c(/C=C/c3ccc4ccc(Cl)cc4n3)cccc2c1)C(F)(F)F,active,462.88000000000005,6.473300000000004,1.0,3.0,7.82102305270683
127,CHEMBL138045,Cc1csc2nc([C@H](C)NC(=O)CCC(=O)c3cccs3)oc(=O)c12,inactive,376.45900000000006,3.4597200000000026,1.0,7.0,4.721246399047171
128,CHEMBL59436,COc1cccc(/C=C/c2cccc3cc(NS(=O)(=O)C(F)(F)F)ccc23)c1,active,407.41300000000007,5.280300000000003,1.0,3.0,8.18045606445813
129,CHEMBL56361,O=C(O)c1ccc(CNc2ccc3c(/C=C/c4cccc(C(F)(F)F)c4)cccc3c2)cc1,active,447.4560000000001,7.339300000000004,2.0,2.0,8.161150909262744
130,CHEMBL56741,O=C(O)c1ccc(C(=O)Nc2ccc3c(COc4ccc(Br)cc4)cccc3c2)cc1,active,476.326,6.131800000000005,2.0,3.0,7.671620396561262
131,CHEMBL141311,CCOc1ccc(C(=O)/C=C/C(=O)N[C@@H](C)c2nc3scc(C)c3c(=O)o2)cc1,active,412.46700000000016,3.5729200000000025,1.0,7.0,6.585026652029182
132,CHEMBL345042,Cc1csc2nc([C@H](C)NC(=O)/C=C/C(=O)c3ccccc3[N+](=O)[O-])oc(=O)c12,active,413.4110000000002,3.0824200000000017,1.0,8.0,7.853871964321762
133,CHEMBL59252,O=C(Nc1ccc2c(/C=C/c3ccc4cc(Cl)ccc4n3)cccc2c1)Oc1ccccc1,active,450.9250000000001,7.822700000000005,1.0,3.0,7.301029995663981
134,CHEMBL141684,Cc1csc2nc([C@H](C)NC(=O)/C=C/C(=O)c3cccc(C#N)c3)oc(=O)c12,active,393.42400000000015,3.0459000000000014,1.0,7.0,7.3872161432802645
135,CHEMBL442168,O=S(=O)(Nc1ccc2c(/C=C/c3ccc4cccc(Cl)c4n3)cccc2c1)C(F)(F)F,active,462.88000000000005,6.473300000000004,1.0,3.0,8.494850021680094
136,CHEMBL55962,O=C(Nc1ccc2c(/C=C/c3ccc4ccc(Cl)cc4n3)cccc2c1)c1ccccc1,active,434.9260000000001,7.4641000000000055,1.0,2.0,7.301029995663981
137,CHEMBL57565,O=C(O)c1ccc(C(=O)Nc2ccc3c(OCc4cccc(Br)c4)cccc3c2)cc1,active,476.326,6.131800000000004,2.0,3.0,8.214670164989233
138,CHEMBL137847,CC(=O)/C=C/C(=O)N[C@@H](C)c1nc2scc(C)c2c(=O)o1,active,306.3430000000001,1.88032,1.0,6.0,6.431798275933005
139,CHEMBL292678,Nc1ccc2c(/C=C/c3ccc4ccc(Cl)cc4n3)cccc2c1,active,330.81800000000004,5.794000000000003,1.0,2.0,7.301029995663981
140,CHEMBL56849,O=C(O)c1ccc(CNc2ccc3c(/C=C/c4ccc5ccc(Cl)cc5n4)cccc3c2)cc1,active,464.95200000000017,7.522100000000005,2.0,3.0,8.568636235841012
141,CHEMBL57465,O=C(O)c1ccc(C(=O)Nc2ccc3c(OCc4cccc(C(F)(F)F)c4)cccc3c2)cc1,active,465.427,6.388100000000004,2.0,3.0,8.130768280269024
142,CHEMBL293998,Cc1ccc2nc(/C=C/c3cccc4cc(NS(=O)(=O)C(F)(F)F)ccc34)ccc2c1,active,442.46200000000016,6.128320000000004,1.0,3.0,8.200659450546418
143,CHEMBL54930,O=C(Nc1ccc2c(/C=C/c3ccc4ccc(Cl)cc4n3)cccc2c1)NS(=O)(=O)c1ccc(Cl)cc1,active,548.4510000000001,7.375600000000004,2.0,4.0,8.327902142064282
144,CHEMBL56307,O=C(O)c1ccc(C(=O)Nc2ccc3c(/C=C/c4cccc(C(F)(F)F)c4)cccc3c2)cc1,active,461.4390000000001,6.979500000000004,2.0,2.0,8.161150909262744
145,CHEMBL299043,O=S(=O)(Nc1ccc2c(/C=C/c3ccc4cc(Cl)ccc4n3)cccc2c1)C(F)(F)F,active,462.88000000000005,6.473300000000004,1.0,3.0,8.494850021680094
146,CHEMBL56701,CC(=O)Nc1ccc2c(/C=C/c3ccc4cc(Cl)ccc4n3)cccc2c1,active,372.8550000000001,6.170200000000004,1.0,2.0,7.366531544420414
147,CHEMBL293304,O=C(O)c1ccc(C(=O)Nc2ccc3c(/C=C/c4ccc5ccc(Cl)cc5n4)cccc3c2)cc1,active,478.9350000000001,7.162300000000005,2.0,3.0,7.7594507517174005
148,CHEMBL139405,Cc1csc2nc([C@H](C)NC(=O)/C=C/C(=O)c3ccc(Cl)cc3)oc(=O)c12,active,402.85900000000015,3.8276200000000022,1.0,6.0,7.221848749616356
149,CHEMBL344631,Cc1csc2nc([C@H](C)NC(=O)CCC(=O)c3ccccc3)oc(=O)c12,inactive,370.43000000000006,3.398220000000002,1.0,6.0,4.6777807052660805
150,CHEMBL56153,O=S(=O)(Nc1ccc2c(/C=C/c3ccccc3)cccc2c1)C(F)(F)F,active,377.38700000000006,5.271700000000002,1.0,2.0,8.1249387366083
151,CHEMBL56633,O=S(=O)(Nc1ccc2c(/C=C/c3ccc(Cl)cc3)cccc2c1)C(F)(F)F,active,411.83200000000005,5.925100000000003,1.0,2.0,8.366531544420413
152,CHEMBL440672,O=C(Nc1ccc2c(/C=C/c3ccc4ccc(Cl)cc4n3)cccc2c1)NS(=O)(=O)c1ccccc1,active,514.0060000000002,6.722200000000004,2.0,4.0,8.173925197299173
153,CHEMBL140485,COc1cccc(C(=O)/C=C/C(=O)N[C@@H](C)c2nc3scc(C)c3c(=O)o2)c1,active,398.44000000000017,3.182820000000002,1.0,7.0,7.5376020021010435
154,CHEMBL293262,O=C(O)c1ccc(CNc2ccc3c(COc4ccc(Br)cc4)cccc3c2)cc1,active,462.3430000000001,6.4916000000000045,2.0,3.0,8.55284196865778
155,CHEMBL56901,CS(=O)(=O)Nc1ccc2c(/C=C/c3ccc4cc(Cl)ccc4n3)cccc2c1,active,408.91000000000014,5.583300000000004,1.0,3.0,7.301029995663981
156,CHEMBL141812,Cc1csc2nc([C@H](C)NC(=O)/C=C/C(=O)c3ccccc3)oc(=O)c12,active,368.4140000000001,3.174220000000001,1.0,6.0,7.522878745280337
157,CHEMBL57169,O=C(O)c1ccc(C(=O)Nc2ccc3c(COc4cccc(Cl)c4)cccc3c2)cc1,active,431.87500000000006,6.022700000000004,2.0,3.0,7.815308569182402
158,CHEMBL56210,O=C(O)c1ccc(CNc2ccc3c(COc4cccc(Cl)c4)cccc3c2)cc1,active,417.8920000000001,6.382500000000004,2.0,3.0,8.508638306165727
159,CHEMBL299278,CN(C)c1ccc2nc(/C=C/c3cccc4cc(NS(=O)(=O)C(F)(F)F)ccc34)ccc2c1,active,471.50400000000013,5.885900000000004,1.0,4.0,8.431798275933005
160,CHEMBL299924,O=S(=O)(Nc1ccc2c(/C=C/c3ccccn3)cccc2c1)C(F)(F)F,active,378.37500000000006,4.666700000000001,1.0,3.0,7.180456064458132
161,CHEMBL56516,O=S(=O)(Nc1ccc2c(/C=C/c3ccc4ccccc4c3)cccc2c1)C(F)(F)F,active,427.44700000000006,6.424900000000004,1.0,2.0,7.823908740944319
162,CHEMBL56020,CN(c1ccc2c(/C=C/c3ccc4cc(Cl)ccc4n3)cccc2c1)S(=O)(=O)C(F)(F)F,active,476.9070000000001,6.497600000000005,0.0,3.0,7.301029995663981
163,CHEMBL55390,O=C(O)c1ccc(C(=O)Nc2ccc3c(OCc4cccc(Cl)c4)cccc3c2)cc1,active,431.87500000000006,6.022700000000004,2.0,3.0,8.292429823902063
164,CHEMBL136258,CC(C)Oc1ccc(NC(=O)N2CCC[C@H]2C(=O)N2CC[C@H]3[C@H]2[C@H](C)C(=O)N3C(=O)C2CC2)cc1,active,482.58100000000024,2.8545000000000007,1.0,5.0,6.7447274948966935
165,CHEMBL344365,C[C@@H]1C(=O)N(C(=O)C2CC2)[C@H]2CCN(C(=O)[C@@H]3CCCN3C(=O)Nc3cccc(C(F)(F)F)c3)[C@H]12,active,492.4980000000001,3.086100000000001,1.0,4.0,6.229147988357855
168,CHEMBL341422,C[C@@H]1C(=O)N(C(=O)C2CC2)[C@H]2CCN(C(=O)[C@@H]3CCCN3S(=O)(=O)c3ccc(Cl)cc3)[C@H]12,active,479.9860000000001,1.8774999999999995,0.0,5.0,6.075720713938118
169,CHEMBL423909,C[C@@H]1C(=O)N(C(=O)C2CC2)[C@H]2CCN(C(=O)[C@@H]3CCCN3C(=O)Nc3ccc(-c4ccc(Cl)cc4)cc3)[C@H]12,active,535.0440000000002,4.387700000000003,1.0,4.0,6.585026652029182
171,CHEMBL342043,C[C@@H]1C(=O)N(C(=O)C2CC2)[C@H]2CCN(C(=O)[C@@H]3CCCN3S(=O)(=O)c3ccc4ccccc4c3)[C@H]12,active,495.60100000000017,2.3773,0.0,5.0,6.721246399047171
173,CHEMBL341768,C[C@@H]1C(=O)N(C(=O)C2CC2)[C@H]2CCN(C(=O)[C@@H]3CCCN3C(=O)c3ccc(-c4ccccc4)cc3)[C@H]12,active,485.5840000000002,3.342600000000002,0.0,4.0,6.522878745280337
174,CHEMBL138413,C[C@@H]1C(=O)N(C(=O)C2CC2)[C@H]2CCN(C(=O)[C@@H]3CCCN3C(=O)Nc3cccc(Cl)c3)[C@H]12,active,458.94600000000014,2.720700000000001,1.0,4.0,6.187086643357144
176,CHEMBL344424,COc1ccc2nc(N3C(=O)[C@@H](C)[C@@H]4[C@@H]3CCN4C(=O)[C@@H]3CCCN3C(=O)Nc3ccc(C(C)C)cc3)sc2n1,active,562.6960000000003,4.472000000000004,1.0,7.0,6.060480747381382
177,CHEMBL436413,C[C@@H]1C(=O)N(C(=O)C2CC2)[C@H]2CCN(C(=O)[C@@H]3CCCN3S(=O)(=O)c3cccc4ccccc34)[C@H]12,active,495.60100000000017,2.3773,0.0,5.0,6.431798275933005
178,CHEMBL139395,C[C@@H]1C(=O)N(C(=O)C2CC2)[C@H]2CCN(C(=O)[C@@H]3CCCN3C(=O)Nc3cccc4ccccc34)[C@H]12,active,474.56100000000015,3.2205000000000013,1.0,4.0,6.187086643357144
179,CHEMBL140884,CC(C)c1ccc(NC(=O)N2CCC[C@H]2C(=O)N2CC[C@H]3[C@H]2[C@H](C)C(=O)N3c2nc3c(Cl)cccc3s2)cc1,active,566.1270000000002,5.721800000000005,1.0,5.0,6.5376020021010435
180,CHEMBL341583,CC(C)c1ccc(NC(=O)N2CCC[C@H]2C(=O)N2CC[C@H]3[C@H]2[C@H](C)C(=O)N3c2nc3cccnc3s2)cc1,active,532.6700000000003,4.4634000000000045,1.0,6.0,6.5376020021010435
181,CHEMBL479921,CCCOc1ccc(NC(=O)N2CCC[C@H]2C(=O)N2CC[C@H]3[C@H]2[C@H](C)C(=O)N3C(=O)C2CC2)cc1,active,482.58100000000024,2.8561000000000005,1.0,5.0,6.6777807052660805
183,CHEMBL343154,CC(C)c1ccc(NC(=O)N2CCC[C@H]2C(=O)N2CC[C@H]3[C@H]2[C@H](C)C(=O)N3c2nc3ccc(CO)cc3s2)cc1,inactive,561.7080000000003,4.560700000000005,2.0,6.0,4.698970004336019
184,CHEMBL138762,CC(C)c1ccc(NC(=O)N2CCC[C@H]2C(=O)N2CC[C@H]3[C@H]2[C@H](C)C(=O)N3c2nc3cc(S(=O)(=O)C(F)F)ccc3s2)cc1,active,645.7540000000004,5.064700000000005,1.0,7.0,6.6777807052660805
187,CHEMBL138754,CC(C)c1ccc(S(=O)(=O)N2CCC[C@H]2C(=O)N2CC[C@H]3[C@H]2[C@H](C)C(=O)N3C(=O)C2CC2)cc1,active,487.62200000000024,2.3475,0.0,5.0,6.337242168318426
188,CHEMBL336909,CC(C)c1ccc(NC(=O)N2CCC[C@H]2C(=O)N2CC[C@H]3[C@H]2[C@H](C)C(=O)N3C(=O)C2C(C)(C)C2(C)C)cc1,inactive,522.6900000000004,4.462900000000004,1.0,4.0,4.698970004336019
189,CHEMBL422106,COc1cccc2sc(N3C(=O)[C@@H](C)[C@@H]4[C@@H]3CCN4C(=O)[C@@H]3CCCN3C(=O)Nc3ccc(C(C)C)cc3)nc12,active,561.7080000000003,5.077000000000004,1.0,6.0,6.619788758288394
190,CHEMBL336230,CC(C)c1ccc(NC(=O)N2CCC[C@H]2C(=O)N2CC[C@H]3[C@H]2[C@H](C)C(=O)N3c2nc3cc(Cl)ccc3s2)cc1,active,566.1270000000002,5.721800000000006,1.0,5.0,6.337242168318426
191,CHEMBL344199,COc1ccc2sc(N3C(=O)[C@@H](C)[C@@H]4[C@@H]3CCN4C(=O)[C@@H]3CCCN3C(=O)Nc3ccc(C(C)C)cc3)nc2c1,active,561.7080000000003,5.077000000000004,1.0,6.0,6.638272163982407
192,CHEMBL342014,C[C@@H]1C(=O)N(C(=O)C2CC2)[C@H]2CCN(C(=O)[C@@H]3CCCN3C(=O)Nc3ccc(Cl)cc3)[C@H]12,active,458.94600000000014,2.720700000000001,1.0,4.0,6.585026652029182
193,CHEMBL342871,CCOC(=O)c1ccc2nc(N3C(=O)[C@@H](C)[C@@H]4[C@@H]3CCN4C(=O)[C@@H]3CCCN3C(=O)Nc3ccc(C(C)C)cc3)sc2c1,active,603.7450000000003,5.245100000000005,1.0,7.0,6.455931955649724
194,CHEMBL138346,C[C@@H]1C(=O)N(C(=O)C2CC2)[C@H]2CCN(C(=O)[C@@H]3CCCN3C(=O)Nc3ccc(C(F)(F)F)cc3)[C@H]12,active,492.4980000000001,3.086100000000001,1.0,4.0,6.638272163982407
195,CHEMBL139154,COc1ccc2nc(N3C(=O)[C@@H](C)[C@@H]4[C@@H]3CCN4C(=O)[C@@H]3CCCN3C(=O)Nc3ccc(C(C)C)cc3)sc2c1,active,561.7080000000003,5.077000000000004,1.0,6.0,6.657577319177793
196,CHEMBL343989,CCCOc1ccc(S(=O)(=O)N2CCC[C@H]2C(=O)N2CC[C@H]3[C@H]2[C@H](C)C(=O)N3C(=O)C2CC2)cc1,active,503.62100000000027,2.0128999999999992,0.0,6.0,6.638272163982407
197,CHEMBL344039,CC(C)c1ccc(NC(=O)N2CCC[C@H]2C(=O)N2CC[C@H]3[C@H]2[C@H](C)C(=O)N3C(=O)C2CC2)cc1,active,466.5820000000003,3.1907000000000014,1.0,4.0,6.698970004336019
199,CHEMBL337312,CC(C)c1ccc(C(=O)N2CCC[C@H]2C(=O)N2CC[C@H]3[C@H]2[C@H](C)C(=O)N3C(=O)C2CC2)cc1,active,451.5670000000002,2.7990000000000013,0.0,4.0,6.4089353929735005
200,CHEMBL134973,CC(C)c1ccc(NC(=O)N2CCC[C@H]2C(=O)N2CC[C@H]3[C@H]2[C@H](C)C(=O)N3c2nc3ccc(OC(F)(F)F)cc3s2)cc1,active,615.6780000000003,5.967000000000006,1.0,6.0,6.337242168318426
201,CHEMBL138211,CCCOc1ccc(C(=O)N2CCC[C@H]2C(=O)N2CC[C@H]3[C@H]2[C@H](C)C(=O)N3C(=O)C2CC2)cc1,active,467.56600000000026,2.4643999999999995,0.0,5.0,6.267606240177032
202,CHEMBL343130,C[C@@H]1C(=O)N(C(=O)C2CC2)[C@H]2CCN(C(=O)[C@@H]3CCCN3S(=O)(=O)c3ccc(-c4ccc(Cl)cc4)cc3)[C@H]12,active,556.0840000000002,3.544500000000002,0.0,5.0,6.075720713938118
203,CHEMBL336034,Cc1c(C(=O)N2CCC[C@H]2C(=O)N2CC[C@H]3[C@H]2[C@H](C)C(=O)N3C(=O)C2CC2)sc2ccc(Cl)cc12,active,514.0470000000003,3.852120000000003,0.0,5.0,6.721246399047171
204,CHEMBL343116,CC(C)c1ccc(NC(=O)N2CCC[C@H]2C(=O)N2CC[C@H]3[C@H]2[C@H](C)C(=O)N3c2nc3ccc([N+](=O)[O-])cc3s2)cc1,active,576.6790000000003,4.976600000000005,1.0,7.0,6.4089353929735005
205,CHEMBL138427,CC(C)Oc1ccc(S(=O)(=O)N2CCC[C@H]2C(=O)N2CC[C@H]3[C@H]2[C@H](C)C(=O)N3C(=O)C2CC2)cc1,active,503.62100000000027,2.0112999999999994,0.0,6.0,6.3979400086720375
206,CHEMBL341767,CC(C)c1ccccc1NC(=O)N1CCC[C@H]1C(=O)N1CC[C@H]2[C@H]1[C@H](C)C(=O)N2C(=O)C1CC1,active,466.5820000000003,3.1907000000000014,1.0,4.0,6.327902142064283
208,CHEMBL421758,C[C@@H]1C(=O)N(C(=O)C2CC2)[C@H]2CCN(C(=O)[C@@H]3CCCN3C(=O)c3cccc4ccccc34)[C@H]12,active,459.54600000000016,2.828800000000001,0.0,4.0,6.050609993355087
209,CHEMBL139571,CC(C)c1ccc(NC(=O)N2CCC[C@H]2C(=O)N2CC[C@H]3[C@H]2[C@H](C)C(=O)N3C(=O)[C@H]2[C@@H](C)[C@H]2C)cc1,active,494.63600000000025,3.6827000000000023,1.0,4.0,6.522878745280337
210,CHEMBL344656,CC(C)c1ccc(NC(=O)N2CCC[C@H]2C(=O)N2CC[C@H]3[C@H]2[C@H](C)C(=O)N3c2nc3ccccc3s2)cc1,active,531.6820000000002,5.068400000000005,1.0,5.0,6.7447274948966935
211,CHEMBL138141,CC(C)c1ccc(NC(=O)N2CCC[C@H]2C(=O)N2CC[C@H]3[C@H]2[C@H](C)C(=O)N3c2nc3ccc(F)cc3s2)cc1,active,549.6720000000003,5.207500000000005,1.0,5.0,6.443697499232712
212,CHEMBL107126,Cc1csc2nc(Cc3ccc(C(=O)c4ccc(NO)cc4)cc3)oc(=O)c12,active,392.4360000000001,4.180820000000002,2.0,7.0,7.853871964321762
214,CHEMBL442199,Cc1csc2nc(Cc3ccc(C(=O)c4ccccc4)cc3)nc(O)c12,inactive,360.4380000000001,4.5271200000000045,1.0,5.0,4.481486060122112
216,CHEMBL104823,Cc1csc2nc(Cc3ccc(C(=O)c4cccc(/N=[N+](\[O-])c5cccc(C(=O)c6ccc(Cc7nc8scc(C)c8c(=O)o7)cc6)c5)c4)cc3)oc(=O)c12,inactive,764.8410000000002,8.99854,0.0,12.0,4.481486060122112
222,CHEMBL326888,Cc1csc2nc(Cc3ccc(C(=O)c4cccc(N)c4)cc3)oc(=O)c12,active,376.4370000000002,3.9619200000000028,1.0,6.0,6.0
223,CHEMBL432637,Cc1csc2nc(Cc3ccc(C(=O)c4cccc(NO)c4)cc3)oc(=O)c12,active,392.43600000000015,4.180820000000002,2.0,7.0,7.721246399047171
224,CHEMBL107078,Cc1csc2nc(Cc3ccc(C(=O)c4cccc(N=O)c4)cc3)oc(=O)c12,active,390.4200000000002,4.777620000000003,0.0,7.0,7.259637310505756
227,CHEMBL107357,Cc1csc2nc(Cc3ccc(C(=O)c4ccc(CO)cc4)cc3)oc(=O)c12,active,391.44800000000015,3.8720200000000027,1.0,6.0,6.026872146400302
228,CHEMBL322676,Cc1csc2nc(Cc3cccc(NC(=O)c4cccc(NO)c4)c3)oc(=O)c12,active,407.45100000000014,4.202120000000002,3.0,7.0,7.346787486224656
229,CHEMBL104662,Cc1csc2nc(Cc3ccc(C(=O)c4ccccc4)cc3)oc(=O)c12,active,361.42200000000014,4.379720000000003,0.0,5.0,6.096910013008056
232,CHEMBL106641,CC(=O)c1cccc(NO)c1,inactive,151.165,1.6902999999999997,2.0,3.0,4.958607314841775
233,CHEMBL108677,Cc1csc2nc(Cc3cccc(NC(=O)c4ccc(NO)cc4)c3)oc(=O)c12,active,407.45100000000014,4.202120000000002,3.0,7.0,7.214670164989233
234,CHEMBL542448,Cl.NO,inactive,69.491,-0.2438999999999999,2.0,2.0,4.481486060122112
